video link,end time
https://www.youtube.com/watch?v=XTWy-gAI99s,0:15
https://www.youtube.com/watch?v=XTWy-gAI99s,0:35
https://www.youtube.com/watch?v=XTWy-gAI99s,0:50
https://www.youtube.com/watch?v=XTWy-gAI99s,1:05
https://www.youtube.com/watch?v=XTWy-gAI99s,1:17
https://www.youtube.com/watch?v=XTWy-gAI99s,1:28
https://www.youtube.com/watch?v=XTWy-gAI99s,1:53
https://www.youtube.com/watch?v=XTWy-gAI99s,2:07
https://www.youtube.com/watch?v=XTWy-gAI99s,2:17
https://www.youtube.com/watch?v=XTWy-gAI99s,2:49
https://www.youtube.com/watch?v=XTWy-gAI99s,3:07
https://www.youtube.com/watch?v=XTWy-gAI99s,3:29
https://www.youtube.com/watch?v=XTWy-gAI99s,3:38
https://www.youtube.com/watch?v=XTWy-gAI99s,3:51
https://www.youtube.com/watch?v=XTWy-gAI99s,4:08
https://www.youtube.com/watch?v=XTWy-gAI99s,4:18
https://www.youtube.com/watch?v=XTWy-gAI99s,4:33
https://www.youtube.com/watch?v=XTWy-gAI99s,4:48
https://www.youtube.com/watch?v=XTWy-gAI99s,5:11
https://www.youtube.com/watch?v=XTWy-gAI99s,5:17
https://www.youtube.com/watch?v=XTWy-gAI99s,5:28
https://www.youtube.com/watch?v=XTWy-gAI99s,5:38
https://www.youtube.com/watch?v=XTWy-gAI99s,6:01
https://www.youtube.com/watch?v=XTWy-gAI99s,6:20
https://www.youtube.com/watch?v=XTWy-gAI99s,6:34
https://www.youtube.com/watch?v=XTWy-gAI99s,6:50
https://www.youtube.com/watch?v=XTWy-gAI99s,7:20
https://www.youtube.com/watch?v=XTWy-gAI99s,7:40
https://www.youtube.com/watch?v=XTWy-gAI99s,7:48
https://www.youtube.com/watch?v=XTWy-gAI99s,7:57
https://www.youtube.com/watch?v=XTWy-gAI99s,8:52
https://www.youtube.com/watch?v=XTWy-gAI99s,9:11
https://www.youtube.com/watch?v=XTWy-gAI99s,9:38
https://www.youtube.com/watch?v=XTWy-gAI99s,9:46
https://www.youtube.com/watch?v=XTWy-gAI99s,9:55
https://www.youtube.com/watch?v=XTWy-gAI99s,10:12
https://www.youtube.com/watch?v=XTWy-gAI99s,10:32
https://www.youtube.com/watch?v=XTWy-gAI99s,10:43
https://www.youtube.com/watch?v=XTWy-gAI99s,10:58
https://www.youtube.com/watch?v=XTWy-gAI99s,11:07
https://www.youtube.com/watch?v=XTWy-gAI99s,11:24
https://www.youtube.com/watch?v=XTWy-gAI99s,11:37
https://www.youtube.com/watch?v=XTWy-gAI99s,11:50
https://www.youtube.com/watch?v=XTWy-gAI99s,11:58
https://www.youtube.com/watch?v=XTWy-gAI99s,12:17
https://www.youtube.com/watch?v=XTWy-gAI99s,12:39
https://www.youtube.com/watch?v=XTWy-gAI99s,12:52
https://www.youtube.com/watch?v=XTWy-gAI99s,13:03
https://www.youtube.com/watch?v=XTWy-gAI99s,13:17
https://www.youtube.com/watch?v=XTWy-gAI99s,13:23
https://www.youtube.com/watch?v=XTWy-gAI99s,13:44
https://www.youtube.com/watch?v=XTWy-gAI99s,14:07
https://www.youtube.com/watch?v=XTWy-gAI99s,14:43
https://www.youtube.com/watch?v=XTWy-gAI99s,15:12
https://www.youtube.com/watch?v=XTWy-gAI99s,15:25
https://www.youtube.com/watch?v=XTWy-gAI99s,15:44
https://www.youtube.com/watch?v=XTWy-gAI99s,16:00
https://www.youtube.com/watch?v=XTWy-gAI99s,16:07
https://www.youtube.com/watch?v=XTWy-gAI99s,16:28
https://www.youtube.com/watch?v=XTWy-gAI99s,16:44
https://www.youtube.com/watch?v=XTWy-gAI99s,16:52
https://www.youtube.com/watch?v=XTWy-gAI99s,17:02
https://www.youtube.com/watch?v=XTWy-gAI99s,17:18
https://www.youtube.com/watch?v=XTWy-gAI99s,17:27
https://www.youtube.com/watch?v=XTWy-gAI99s,17:41
https://www.youtube.com/watch?v=XTWy-gAI99s,17:56
https://www.youtube.com/watch?v=XTWy-gAI99s,18:07
https://www.youtube.com/watch?v=XTWy-gAI99s,18:27
https://www.youtube.com/watch?v=XTWy-gAI99s,18:38
https://www.youtube.com/watch?v=XTWy-gAI99s,18:48
https://www.youtube.com/watch?v=XTWy-gAI99s,19:04
https://www.youtube.com/watch?v=XTWy-gAI99s,19:11
https://www.youtube.com/watch?v=XTWy-gAI99s,19:20
https://www.youtube.com/watch?v=XTWy-gAI99s,19:43
https://www.youtube.com/watch?v=XTWy-gAI99s,19:48
https://www.youtube.com/watch?v=XTWy-gAI99s,20:05
https://www.youtube.com/watch?v=XTWy-gAI99s,20:12
https://www.youtube.com/watch?v=XTWy-gAI99s,20:21
https://www.youtube.com/watch?v=XTWy-gAI99s,20:40
https://www.youtube.com/watch?v=XTWy-gAI99s,20:57
https://www.youtube.com/watch?v=XTWy-gAI99s,21:03
https://www.youtube.com/watch?v=XTWy-gAI99s,21:10
https://www.youtube.com/watch?v=XTWy-gAI99s,21:18
https://www.youtube.com/watch?v=XTWy-gAI99s,21:37
https://www.youtube.com/watch?v=XTWy-gAI99s,21:59
https://www.youtube.com/watch?v=XTWy-gAI99s,22:11
https://www.youtube.com/watch?v=XTWy-gAI99s,22:17
https://www.youtube.com/watch?v=XTWy-gAI99s,22:37
https://www.youtube.com/watch?v=XTWy-gAI99s,22:37
https://www.youtube.com/watch?v=biCFAgYwiig,chapter
https://www.youtube.com/watch?v=biCFAgYwiig,chapter
https://www.youtube.com/watch?v=biCFAgYwiig,chapter
https://www.youtube.com/watch?v=biCFAgYwiig,chapter
https://www.youtube.com/watch?v=biCFAgYwiig,chapter
https://www.youtube.com/watch?v=biCFAgYwiig,chapter
https://www.youtube.com/watch?v=biCFAgYwiig,chapter
https://www.youtube.com/watch?v=biCFAgYwiig,chapter
https://www.youtube.com/watch?v=biCFAgYwiig,chapter
https://www.youtube.com/watch?v=biCFAgYwiig,chapter
https://www.youtube.com/watch?v=biCFAgYwiig,chapter
https://www.youtube.com/watch?v=biCFAgYwiig,chapter
https://www.youtube.com/watch?v=biCFAgYwiig,chapter
https://www.youtube.com/watch?v=biCFAgYwiig,chapter
https://www.youtube.com/watch?v=biCFAgYwiig,chapter
https://www.youtube.com/watch?v=biCFAgYwiig,chapter
https://www.youtube.com/watch?v=biCFAgYwiig,chapter
https://www.youtube.com/watch?v=biCFAgYwiig,chapter
https://www.youtube.com/watch?v=biCFAgYwiig,chapter
https://www.youtube.com/watch?v=biCFAgYwiig,chapter
https://www.youtube.com/watch?v=biCFAgYwiig,chapter
https://www.youtube.com/watch?v=biCFAgYwiig,chapter
https://www.youtube.com/watch?v=biCFAgYwiig,chapter
https://www.youtube.com/watch?v=biCFAgYwiig,chapter
https://www.youtube.com/watch?v=biCFAgYwiig,chapter
https://www.youtube.com/watch?v=1SxhKOeJ6dQ,0:13
https://www.youtube.com/watch?v=1SxhKOeJ6dQ,0:40
https://www.youtube.com/watch?v=1SxhKOeJ6dQ,0:47
https://www.youtube.com/watch?v=1SxhKOeJ6dQ,1:14
https://www.youtube.com/watch?v=1SxhKOeJ6dQ,1:22
https://www.youtube.com/watch?v=1SxhKOeJ6dQ,1:46
https://www.youtube.com/watch?v=1SxhKOeJ6dQ,2:00
https://www.youtube.com/watch?v=1SxhKOeJ6dQ,2:22
https://www.youtube.com/watch?v=1SxhKOeJ6dQ,2:38
https://www.youtube.com/watch?v=1SxhKOeJ6dQ,2:54
https://www.youtube.com/watch?v=1SxhKOeJ6dQ,3:17
https://www.youtube.com/watch?v=1SxhKOeJ6dQ,3:29
https://www.youtube.com/watch?v=1SxhKOeJ6dQ,4:04
https://www.youtube.com/watch?v=1SxhKOeJ6dQ,4:19
https://www.youtube.com/watch?v=1SxhKOeJ6dQ,4:54
https://www.youtube.com/watch?v=1SxhKOeJ6dQ,5:17
https://www.youtube.com/watch?v=1SxhKOeJ6dQ,5:26
https://www.youtube.com/watch?v=1SxhKOeJ6dQ,5:35
https://www.youtube.com/watch?v=1SxhKOeJ6dQ,6:12
https://www.youtube.com/watch?v=1SxhKOeJ6dQ,6:22
https://www.youtube.com/watch?v=1SxhKOeJ6dQ,6:34
https://www.youtube.com/watch?v=1SxhKOeJ6dQ,6:55
https://www.youtube.com/watch?v=1SxhKOeJ6dQ,7:11
https://www.youtube.com/watch?v=1SxhKOeJ6dQ,7:40
https://www.youtube.com/watch?v=Jsj8Lyi1Pi4,0:05
https://www.youtube.com/watch?v=Jsj8Lyi1Pi5,0:23
https://www.youtube.com/watch?v=Jsj8Lyi1Pi6,0:40
https://www.youtube.com/watch?v=Jsj8Lyi1Pi7,0:53
https://www.youtube.com/watch?v=Jsj8Lyi1Pi8,1:13
https://www.youtube.com/watch?v=Jsj8Lyi1Pi9,1:28
https://www.youtube.com/watch?v=Jsj8Lyi1Pi10,1:42
https://www.youtube.com/watch?v=Jsj8Lyi1Pi11,1:59
https://www.youtube.com/watch?v=Jsj8Lyi1Pi12,2:16
https://www.youtube.com/watch?v=Jsj8Lyi1Pi13,2:34
https://www.youtube.com/watch?v=Jsj8Lyi1Pi14,2:48
https://www.youtube.com/watch?v=Jsj8Lyi1Pi15,3:00
https://www.youtube.com/watch?v=Jsj8Lyi1Pi16,3:12
https://www.youtube.com/watch?v=Jsj8Lyi1Pi17,3:25
https://www.youtube.com/watch?v=Jsj8Lyi1Pi18,3:38
https://www.youtube.com/watch?v=Jsj8Lyi1Pi19,3:50
https://www.youtube.com/watch?v=Jsj8Lyi1Pi20,4:06
https://www.youtube.com/watch?v=Jsj8Lyi1Pi21,4:25
https://www.youtube.com/watch?v=Jsj8Lyi1Pi22,4:38
https://www.youtube.com/watch?v=Jsj8Lyi1Pi23,4:49
https://www.youtube.com/watch?v=Jsj8Lyi1Pi24,5:04
https://www.youtube.com/watch?v=Jsj8Lyi1Pi25,5:28
https://www.youtube.com/watch?v=Jsj8Lyi1Pi26,5:43
https://www.youtube.com/watch?v=Jsj8Lyi1Pi27,6:02
https://www.youtube.com/watch?v=Jsj8Lyi1Pi28,6:22
https://www.youtube.com/watch?v=Jsj8Lyi1Pi29,6:35
https://www.youtube.com/watch?v=Jsj8Lyi1Pi30,6:50
https://www.youtube.com/watch?v=Jsj8Lyi1Pi31,7:07
https://www.youtube.com/watch?v=Jsj8Lyi1Pi32,7:25
https://www.youtube.com/watch?v=Jsj8Lyi1Pi33,7:41
https://www.youtube.com/watch?v=Jsj8Lyi1Pi34,7:51
https://www.youtube.com/watch?v=Jsj8Lyi1Pi35,8:09
https://www.youtube.com/watch?v=Jsj8Lyi1Pi36,8:28
https://www.youtube.com/watch?v=Jsj8Lyi1Pi37,8:45
https://www.youtube.com/watch?v=Jsj8Lyi1Pi38,9:00
https://www.youtube.com/watch?v=Jsj8Lyi1Pi39,9:17
https://www.youtube.com/watch?v=Jsj8Lyi1Pi40,9:37
https://www.youtube.com/watch?v=Jsj8Lyi1Pi41,9:58
https://www.youtube.com/watch?v=Jsj8Lyi1Pi42,10:12
https://www.youtube.com/watch?v=Jsj8Lyi1Pi43,10:29
https://www.youtube.com/watch?v=Jsj8Lyi1Pi44,10:44
https://www.youtube.com/watch?v=Jsj8Lyi1Pi45,11:00
https://www.youtube.com/watch?v=Jsj8Lyi1Pi46,11:15
https://www.youtube.com/watch?v=Jsj8Lyi1Pi47,11:29
https://www.youtube.com/watch?v=Jsj8Lyi1Pi48,11:43
https://www.youtube.com/watch?v=Jsj8Lyi1Pi49,12:02
https://www.youtube.com/watch?v=Jsj8Lyi1Pi50,12:23
https://www.youtube.com/watch?v=Jsj8Lyi1Pi51,12:38
https://www.youtube.com/watch?v=Jsj8Lyi1Pi52,12:56
https://www.youtube.com/watch?v=Jsj8Lyi1Pi53,13:09
https://www.youtube.com/watch?v=Jsj8Lyi1Pi54,13:24
https://www.youtube.com/watch?v=Jsj8Lyi1Pi55,13:54
https://www.youtube.com/watch?v=Jsj8Lyi1Pi56,14:08
https://www.youtube.com/watch?v=Jsj8Lyi1Pi57,14:36
https://www.youtube.com/watch?v=Jsj8Lyi1Pi58,14:51
https://www.youtube.com/watch?v=Jsj8Lyi1Pi59,15:05
https://www.youtube.com/watch?v=Jsj8Lyi1Pi60,15:21
https://www.youtube.com/watch?v=Jsj8Lyi1Pi61,15:41
https://www.youtube.com/watch?v=Jsj8Lyi1Pi62,15:58
https://www.youtube.com/watch?v=Jsj8Lyi1Pi63,16:15
https://www.youtube.com/watch?v=Jsj8Lyi1Pi64,16:27
https://www.youtube.com/watch?v=Jsj8Lyi1Pi65,16:40
https://www.youtube.com/watch?v=Jsj8Lyi1Pi66,16:56
https://www.youtube.com/watch?v=Jsj8Lyi1Pi67,17:21
https://www.youtube.com/watch?v=Jsj8Lyi1Pi68,17:40
https://www.youtube.com/watch?v=Jsj8Lyi1Pi69,17:58
https://www.youtube.com/watch?v=Jsj8Lyi1Pi70,18:16
https://www.youtube.com/watch?v=Jsj8Lyi1Pi71,18:32
https://www.youtube.com/watch?v=Jsj8Lyi1Pi72,18:47
https://www.youtube.com/watch?v=Jsj8Lyi1Pi73,19:01
https://www.youtube.com/watch?v=Jsj8Lyi1Pi74,19:14
https://www.youtube.com/watch?v=Jsj8Lyi1Pi75,19:31